image,label,fold
/home/fang/Square_Task/squares/train/c/45.bmp,2,0
/home/fang/Square_Task/squares/train/b/109.jpg,1,1
/home/fang/Square_Task/squares/train/c/317.jpg,2,3
/home/fang/Square_Task/squares/train/c/294.bmp,2,4
/home/fang/Square_Task/squares/train/b/149.png,1,0
/home/fang/Square_Task/squares/train/a/444.jpg,0,1
/home/fang/Square_Task/squares/train/b/209.png,1,3
/home/fang/Square_Task/squares/train/c/129.png,2,4
/home/fang/Square_Task/squares/train/a/76.bmp,0,0
/home/fang/Square_Task/squares/train/b/242.bmp,1,1
/home/fang/Square_Task/squares/train/a/39.png,0,3
/home/fang/Square_Task/squares/train/c/269.jpg,2,4
/home/fang/Square_Task/squares/train/a/311.bmp,0,0
/home/fang/Square_Task/squares/train/c/47.png,2,1
/home/fang/Square_Task/squares/train/a/151.png,0,3
/home/fang/Square_Task/squares/train/a/436.bmp,0,4
/home/fang/Square_Task/squares/train/c/214.png,2,0
/home/fang/Square_Task/squares/train/c/215.bmp,2,1
/home/fang/Square_Task/squares/train/a/243.png,0,3
/home/fang/Square_Task/squares/train/b/279.png,1,4
/home/fang/Square_Task/squares/train/b/22.bmp,1,0
/home/fang/Square_Task/squares/train/b/170.bmp,1,1
/home/fang/Square_Task/squares/train/c/110.jpg,2,3
/home/fang/Square_Task/squares/train/a/85.png,0,4
/home/fang/Square_Task/squares/train/b/290.jpg,1,0
/home/fang/Square_Task/squares/train/b/443.png,1,1
/home/fang/Square_Task/squares/train/c/378.bmp,2,3
/home/fang/Square_Task/squares/train/c/362.bmp,2,4
/home/fang/Square_Task/squares/train/b/303.png,1,0
/home/fang/Square_Task/squares/train/c/107.jpg,2,1
/home/fang/Square_Task/squares/train/b/442.jpg,1,3
/home/fang/Square_Task/squares/train/c/429.png,2,4
/home/fang/Square_Task/squares/train/c/166.jpg,2,0
/home/fang/Square_Task/squares/train/b/103.jpg,1,1
/home/fang/Square_Task/squares/train/b/406.bmp,1,3
/home/fang/Square_Task/squares/train/b/169.bmp,1,4
/home/fang/Square_Task/squares/train/b/478.bmp,1,0
/home/fang/Square_Task/squares/train/b/471.jpg,1,1
/home/fang/Square_Task/squares/train/c/498.png,2,3
/home/fang/Square_Task/squares/train/b/36.jpg,1,4
/home/fang/Square_Task/squares/train/b/402.png,1,0
/home/fang/Square_Task/squares/train/c/289.png,2,1
/home/fang/Square_Task/squares/train/a/62.png,0,3
/home/fang/Square_Task/squares/train/c/351.png,2,4
/home/fang/Square_Task/squares/train/c/78.png,2,0
/home/fang/Square_Task/squares/train/c/370.bmp,2,1
/home/fang/Square_Task/squares/train/b/462.jpg,1,3
/home/fang/Square_Task/squares/train/b/400.jpg,1,4
/home/fang/Square_Task/squares/train/b/367.png,1,0
/home/fang/Square_Task/squares/train/b/121.jpg,1,1
/home/fang/Square_Task/squares/train/b/405.jpg,1,3
/home/fang/Square_Task/squares/train/c/307.bmp,2,4
/home/fang/Square_Task/squares/train/a/105.png,0,0
/home/fang/Square_Task/squares/train/a/214.png,0,1
/home/fang/Square_Task/squares/train/a/318.png,0,3
/home/fang/Square_Task/squares/train/c/20.jpg,2,4
/home/fang/Square_Task/squares/train/c/55.png,2,0
/home/fang/Square_Task/squares/train/c/155.png,2,1
/home/fang/Square_Task/squares/train/a/283.bmp,0,3
/home/fang/Square_Task/squares/train/a/94.bmp,0,4
/home/fang/Square_Task/squares/train/a/226.jpg,0,0
/home/fang/Square_Task/squares/train/a/395.jpg,0,1
/home/fang/Square_Task/squares/train/b/34.jpg,1,3
/home/fang/Square_Task/squares/train/b/332.bmp,1,4
/home/fang/Square_Task/squares/train/b/334.png,1,0
/home/fang/Square_Task/squares/train/b/233.png,1,1
/home/fang/Square_Task/squares/train/b/333.bmp,1,3
/home/fang/Square_Task/squares/train/b/42.bmp,1,4
/home/fang/Square_Task/squares/train/b/305.png,1,0
/home/fang/Square_Task/squares/train/b/104.png,1,1
/home/fang/Square_Task/squares/train/c/41.bmp,2,3
/home/fang/Square_Task/squares/train/c/213.png,2,4
/home/fang/Square_Task/squares/train/a/213.png,0,0
/home/fang/Square_Task/squares/train/a/400.jpg,0,1
/home/fang/Square_Task/squares/train/b/196.bmp,1,3
/home/fang/Square_Task/squares/train/b/167.png,1,4
/home/fang/Square_Task/squares/train/b/216.png,1,0
/home/fang/Square_Task/squares/train/b/337.bmp,1,1
/home/fang/Square_Task/squares/train/a/203.jpg,0,3
/home/fang/Square_Task/squares/train/a/172.bmp,0,4
/home/fang/Square_Task/squares/train/c/75.jpg,2,0
/home/fang/Square_Task/squares/train/b/353.bmp,1,1
/home/fang/Square_Task/squares/train/c/131.bmp,2,3
/home/fang/Square_Task/squares/train/b/5.jpg,1,4
/home/fang/Square_Task/squares/train/c/179.bmp,2,0
/home/fang/Square_Task/squares/train/b/152.png,1,1
/home/fang/Square_Task/squares/train/c/434.jpg,2,3
/home/fang/Square_Task/squares/train/b/345.bmp,1,4
/home/fang/Square_Task/squares/train/c/469.png,2,0
/home/fang/Square_Task/squares/train/b/226.jpg,1,1
/home/fang/Square_Task/squares/train/a/490.bmp,0,3
/home/fang/Square_Task/squares/train/b/74.jpg,1,4
/home/fang/Square_Task/squares/train/c/407.png,2,0
/home/fang/Square_Task/squares/train/a/75.jpg,0,1
/home/fang/Square_Task/squares/train/c/218.bmp,2,3
/home/fang/Square_Task/squares/train/c/120.png,2,4
/home/fang/Square_Task/squares/train/c/440.jpg,2,0
/home/fang/Square_Task/squares/train/b/302.png,1,1
/home/fang/Square_Task/squares/train/b/486.png,1,3
/home/fang/Square_Task/squares/train/c/153.bmp,2,4
/home/fang/Square_Task/squares/train/b/447.bmp,1,0
/home/fang/Square_Task/squares/train/b/38.bmp,1,1
/home/fang/Square_Task/squares/train/a/70.jpg,0,3
/home/fang/Square_Task/squares/train/a/205.jpg,0,4
/home/fang/Square_Task/squares/train/a/412.png,0,0
/home/fang/Square_Task/squares/train/b/356.bmp,1,1
/home/fang/Square_Task/squares/train/c/229.png,2,3
/home/fang/Square_Task/squares/train/c/241.jpg,2,4
/home/fang/Square_Task/squares/train/c/249.png,2,0
/home/fang/Square_Task/squares/train/a/411.png,0,1
/home/fang/Square_Task/squares/train/a/295.jpg,0,3
/home/fang/Square_Task/squares/train/c/67.jpg,2,4
/home/fang/Square_Task/squares/train/b/146.bmp,1,0
/home/fang/Square_Task/squares/train/b/267.bmp,1,1
/home/fang/Square_Task/squares/train/b/200.jpg,1,3
/home/fang/Square_Task/squares/train/c/189.bmp,2,4
/home/fang/Square_Task/squares/train/c/308.bmp,2,0
/home/fang/Square_Task/squares/train/b/438.jpg,1,1
/home/fang/Square_Task/squares/train/c/267.bmp,2,3
/home/fang/Square_Task/squares/train/a/317.jpg,0,4
/home/fang/Square_Task/squares/train/c/238.bmp,2,0
/home/fang/Square_Task/squares/train/a/73.png,0,1
/home/fang/Square_Task/squares/train/b/306.png,1,3
/home/fang/Square_Task/squares/train/c/390.png,2,4
/home/fang/Square_Task/squares/train/a/266.bmp,0,0
/home/fang/Square_Task/squares/train/a/281.jpg,0,1
/home/fang/Square_Task/squares/train/b/483.bmp,1,3
/home/fang/Square_Task/squares/train/c/365.png,2,4
/home/fang/Square_Task/squares/train/c/463.bmp,2,0
/home/fang/Square_Task/squares/train/c/470.bmp,2,1
/home/fang/Square_Task/squares/train/b/156.bmp,1,3
/home/fang/Square_Task/squares/train/c/449.bmp,2,4
/home/fang/Square_Task/squares/train/c/421.jpg,2,0
/home/fang/Square_Task/squares/train/c/63.bmp,2,1
/home/fang/Square_Task/squares/train/c/5.jpg,2,3
/home/fang/Square_Task/squares/train/c/13.png,2,4
/home/fang/Square_Task/squares/train/b/497.jpg,1,0
/home/fang/Square_Task/squares/train/c/314.png,2,1
/home/fang/Square_Task/squares/train/b/358.png,1,3
/home/fang/Square_Task/squares/train/a/23.jpg,0,4
/home/fang/Square_Task/squares/train/c/122.png,2,0
/home/fang/Square_Task/squares/train/a/365.png,0,1
/home/fang/Square_Task/squares/train/a/71.bmp,0,3
/home/fang/Square_Task/squares/train/c/490.bmp,2,4
/home/fang/Square_Task/squares/train/b/452.bmp,1,0
/home/fang/Square_Task/squares/train/c/240.png,2,1
/home/fang/Square_Task/squares/train/a/391.png,0,3
/home/fang/Square_Task/squares/train/a/325.jpg,0,4
/home/fang/Square_Task/squares/train/a/344.png,0,0
/home/fang/Square_Task/squares/train/c/487.bmp,2,1
/home/fang/Square_Task/squares/train/b/310.jpg,1,3
/home/fang/Square_Task/squares/train/a/440.jpg,0,4
/home/fang/Square_Task/squares/train/b/296.png,1,0
/home/fang/Square_Task/squares/train/b/463.bmp,1,1
/home/fang/Square_Task/squares/train/a/26.jpg,0,3
/home/fang/Square_Task/squares/train/a/165.jpg,0,4
/home/fang/Square_Task/squares/train/a/233.png,0,0
/home/fang/Square_Task/squares/train/a/118.png,0,1
/home/fang/Square_Task/squares/train/a/363.jpg,0,3
/home/fang/Square_Task/squares/train/b/393.png,1,4
/home/fang/Square_Task/squares/train/b/494.png,1,0
/home/fang/Square_Task/squares/train/c/277.bmp,2,1
/home/fang/Square_Task/squares/train/b/455.bmp,1,3
/home/fang/Square_Task/squares/train/b/315.png,1,4
/home/fang/Square_Task/squares/train/c/334.png,2,0
/home/fang/Square_Task/squares/train/c/478.bmp,2,1
/home/fang/Square_Task/squares/train/c/236.bmp,2,3
/home/fang/Square_Task/squares/train/b/178.png,1,4
/home/fang/Square_Task/squares/train/b/160.png,1,0
/home/fang/Square_Task/squares/train/b/222.bmp,1,1
/home/fang/Square_Task/squares/train/b/230.bmp,1,3
/home/fang/Square_Task/squares/train/b/259.bmp,1,4
/home/fang/Square_Task/squares/train/a/466.png,0,0
/home/fang/Square_Task/squares/train/c/32.bmp,2,1
/home/fang/Square_Task/squares/train/c/16.bmp,2,3
/home/fang/Square_Task/squares/train/a/139.jpg,0,4
/home/fang/Square_Task/squares/train/c/483.bmp,2,0
/home/fang/Square_Task/squares/train/b/434.jpg,1,1
/home/fang/Square_Task/squares/train/a/366.jpg,0,3
/home/fang/Square_Task/squares/train/c/53.png,2,4
/home/fang/Square_Task/squares/train/a/212.bmp,0,0
/home/fang/Square_Task/squares/train/b/183.jpg,1,1
/home/fang/Square_Task/squares/train/b/197.png,1,3
/home/fang/Square_Task/squares/train/a/496.bmp,0,4
/home/fang/Square_Task/squares/train/b/448.jpg,1,0
/home/fang/Square_Task/squares/train/a/46.bmp,0,1
/home/fang/Square_Task/squares/train/b/414.png,1,3
/home/fang/Square_Task/squares/train/c/472.bmp,2,4
/home/fang/Square_Task/squares/train/c/181.png,2,0
/home/fang/Square_Task/squares/train/c/499.bmp,2,1
/home/fang/Square_Task/squares/train/c/261.png,2,3
/home/fang/Square_Task/squares/train/b/431.bmp,1,4
/home/fang/Square_Task/squares/train/a/229.png,0,0
/home/fang/Square_Task/squares/train/b/138.png,1,1
/home/fang/Square_Task/squares/train/b/40.bmp,1,3
/home/fang/Square_Task/squares/train/c/328.png,2,4
/home/fang/Square_Task/squares/train/c/231.bmp,2,0
/home/fang/Square_Task/squares/train/c/112.png,2,1
/home/fang/Square_Task/squares/train/c/348.jpg,2,3
/home/fang/Square_Task/squares/train/a/275.png,0,4
/home/fang/Square_Task/squares/train/c/357.jpg,2,0
/home/fang/Square_Task/squares/train/c/381.png,2,1
/home/fang/Square_Task/squares/train/b/92.bmp,1,3
/home/fang/Square_Task/squares/train/b/465.bmp,1,4
/home/fang/Square_Task/squares/train/b/77.bmp,1,0
/home/fang/Square_Task/squares/train/b/88.jpg,1,1
/home/fang/Square_Task/squares/train/c/113.jpg,2,3
/home/fang/Square_Task/squares/train/b/418.png,1,4
/home/fang/Square_Task/squares/train/a/468.png,0,0
/home/fang/Square_Task/squares/train/a/348.jpg,0,1
/home/fang/Square_Task/squares/train/a/446.png,0,3
/home/fang/Square_Task/squares/train/a/291.bmp,0,4
/home/fang/Square_Task/squares/train/c/192.jpg,2,0
/home/fang/Square_Task/squares/train/b/27.jpg,1,1
/home/fang/Square_Task/squares/train/c/198.jpg,2,3
/home/fang/Square_Task/squares/train/b/257.jpg,1,4
/home/fang/Square_Task/squares/train/a/432.png,0,0
/home/fang/Square_Task/squares/train/c/285.jpg,2,1
/home/fang/Square_Task/squares/train/b/366.jpg,1,3
/home/fang/Square_Task/squares/train/b/384.png,1,4
/home/fang/Square_Task/squares/train/a/123.jpg,0,0
/home/fang/Square_Task/squares/train/b/20.jpg,1,1
/home/fang/Square_Task/squares/train/a/475.png,0,3
/home/fang/Square_Task/squares/train/c/43.png,2,4
/home/fang/Square_Task/squares/train/b/235.png,1,0
/home/fang/Square_Task/squares/train/c/174.png,2,1
/home/fang/Square_Task/squares/train/c/481.jpg,2,3
/home/fang/Square_Task/squares/train/b/66.bmp,1,4
/home/fang/Square_Task/squares/train/c/135.bmp,2,0
/home/fang/Square_Task/squares/train/b/394.png,1,1
/home/fang/Square_Task/squares/train/c/136.bmp,2,3
/home/fang/Square_Task/squares/train/c/30.png,2,4
/home/fang/Square_Task/squares/train/c/36.jpg,2,0
/home/fang/Square_Task/squares/train/c/44.jpg,2,1
/home/fang/Square_Task/squares/train/a/125.jpg,0,3
/home/fang/Square_Task/squares/train/a/367.png,0,4
/home/fang/Square_Task/squares/train/c/64.bmp,2,0
/home/fang/Square_Task/squares/train/a/324.png,0,1
/home/fang/Square_Task/squares/train/a/109.jpg,0,3
/home/fang/Square_Task/squares/train/b/258.jpg,1,4
/home/fang/Square_Task/squares/train/b/283.bmp,1,0
/home/fang/Square_Task/squares/train/c/447.bmp,2,1
/home/fang/Square_Task/squares/train/b/50.bmp,1,3
/home/fang/Square_Task/squares/train/a/364.jpg,0,4
/home/fang/Square_Task/squares/train/b/241.jpg,1,0
/home/fang/Square_Task/squares/train/a/129.png,0,1
/home/fang/Square_Task/squares/train/c/222.bmp,2,3
/home/fang/Square_Task/squares/train/b/416.png,1,4
/home/fang/Square_Task/squares/train/b/231.bmp,1,0
/home/fang/Square_Task/squares/train/a/301.bmp,0,1
/home/fang/Square_Task/squares/train/b/468.png,1,3
/home/fang/Square_Task/squares/train/c/278.jpg,2,4
/home/fang/Square_Task/squares/train/b/57.png,1,0
/home/fang/Square_Task/squares/train/a/190.bmp,0,1
/home/fang/Square_Task/squares/train/b/171.bmp,1,3
/home/fang/Square_Task/squares/train/a/424.bmp,0,4
/home/fang/Square_Task/squares/train/a/131.bmp,0,0
/home/fang/Square_Task/squares/train/a/314.png,0,1
/home/fang/Square_Task/squares/train/b/61.bmp,1,3
/home/fang/Square_Task/squares/train/b/116.jpg,1,4
/home/fang/Square_Task/squares/train/b/166.jpg,1,0
/home/fang/Square_Task/squares/train/c/369.png,2,1
/home/fang/Square_Task/squares/train/a/20.jpg,0,3
/home/fang/Square_Task/squares/train/a/435.png,0,4
/home/fang/Square_Task/squares/train/b/212.bmp,1,0
/home/fang/Square_Task/squares/train/c/40.bmp,2,1
/home/fang/Square_Task/squares/train/a/397.png,0,3
/home/fang/Square_Task/squares/train/a/469.png,0,4
/home/fang/Square_Task/squares/train/c/97.bmp,2,0
/home/fang/Square_Task/squares/train/b/396.jpg,1,1
/home/fang/Square_Task/squares/train/b/176.bmp,1,3
/home/fang/Square_Task/squares/train/c/462.jpg,2,4
/home/fang/Square_Task/squares/train/c/116.jpg,2,0
/home/fang/Square_Task/squares/train/c/313.bmp,2,1
/home/fang/Square_Task/squares/train/c/412.png,2,3
/home/fang/Square_Task/squares/train/c/38.bmp,2,4
/home/fang/Square_Task/squares/train/b/7.png,1,0
/home/fang/Square_Task/squares/train/c/17.jpg,2,1
/home/fang/Square_Task/squares/train/c/292.png,2,3
/home/fang/Square_Task/squares/train/b/111.png,1,4
/home/fang/Square_Task/squares/train/b/129.png,1,0
/home/fang/Square_Task/squares/train/b/100.png,1,1
/home/fang/Square_Task/squares/train/c/92.bmp,2,3
/home/fang/Square_Task/squares/train/b/246.jpg,1,4
/home/fang/Square_Task/squares/train/b/225.jpg,1,0
/home/fang/Square_Task/squares/train/a/479.bmp,0,1
/home/fang/Square_Task/squares/train/a/360.bmp,0,3
/home/fang/Square_Task/squares/train/b/352.jpg,1,4
/home/fang/Square_Task/squares/train/b/321.bmp,1,0
/home/fang/Square_Task/squares/train/a/427.bmp,0,1
/home/fang/Square_Task/squares/train/a/392.jpg,0,3
/home/fang/Square_Task/squares/train/b/491.bmp,1,4
/home/fang/Square_Task/squares/train/c/486.png,2,0
/home/fang/Square_Task/squares/train/a/497.jpg,0,1
/home/fang/Square_Task/squares/train/c/428.bmp,2,3
/home/fang/Square_Task/squares/train/c/263.bmp,2,4
/home/fang/Square_Task/squares/train/c/256.jpg,2,0
/home/fang/Square_Task/squares/train/b/397.png,1,1
/home/fang/Square_Task/squares/train/a/292.png,0,3
/home/fang/Square_Task/squares/train/b/59.png,1,4
/home/fang/Square_Task/squares/train/a/30.png,0,0
/home/fang/Square_Task/squares/train/a/343.png,0,1
/home/fang/Square_Task/squares/train/b/44.jpg,1,3
/home/fang/Square_Task/squares/train/b/365.png,1,4
/home/fang/Square_Task/squares/train/b/392.jpg,1,0
/home/fang/Square_Task/squares/train/b/215.bmp,1,1
/home/fang/Square_Task/squares/train/b/403.bmp,1,3
/home/fang/Square_Task/squares/train/b/161.png,1,4
/home/fang/Square_Task/squares/train/a/21.jpg,0,0
/home/fang/Square_Task/squares/train/a/345.bmp,0,1
/home/fang/Square_Task/squares/train/c/468.png,2,3
/home/fang/Square_Task/squares/train/b/458.jpg,1,4
/home/fang/Square_Task/squares/train/b/341.jpg,1,0
/home/fang/Square_Task/squares/train/b/413.bmp,1,1
/home/fang/Square_Task/squares/train/c/300.jpg,2,3
/home/fang/Square_Task/squares/train/b/224.png,1,4
/home/fang/Square_Task/squares/train/b/107.jpg,1,0
/home/fang/Square_Task/squares/train/c/454.jpg,2,1
/home/fang/Square_Task/squares/train/b/65.bmp,1,3
/home/fang/Square_Task/squares/train/b/404.jpg,1,4
/home/fang/Square_Task/squares/train/c/282.png,2,0
/home/fang/Square_Task/squares/train/b/490.bmp,1,1
/home/fang/Square_Task/squares/train/b/89.bmp,1,3
/home/fang/Square_Task/squares/train/c/3.bmp,2,4
/home/fang/Square_Task/squares/train/c/108.jpg,2,0
/home/fang/Square_Task/squares/train/c/394.png,2,1
/home/fang/Square_Task/squares/train/c/262.png,2,3
/home/fang/Square_Task/squares/train/a/251.png,0,4
/home/fang/Square_Task/squares/train/b/81.jpg,1,0
/home/fang/Square_Task/squares/train/a/312.bmp,0,1
/home/fang/Square_Task/squares/train/a/238.bmp,0,3
/home/fang/Square_Task/squares/train/a/130.jpg,0,4
/home/fang/Square_Task/squares/train/a/40.bmp,0,0
/home/fang/Square_Task/squares/train/a/328.png,0,1
/home/fang/Square_Task/squares/train/a/465.bmp,0,3
/home/fang/Square_Task/squares/train/c/134.bmp,2,4
/home/fang/Square_Task/squares/train/a/176.bmp,0,0
/home/fang/Square_Task/squares/train/b/425.png,1,1
/home/fang/Square_Task/squares/train/b/131.bmp,1,3
/home/fang/Square_Task/squares/train/a/352.jpg,0,4
/home/fang/Square_Task/squares/train/b/435.png,1,0
/home/fang/Square_Task/squares/train/c/194.jpg,2,1
/home/fang/Square_Task/squares/train/c/404.jpg,2,3
/home/fang/Square_Task/squares/train/c/239.png,2,4
/home/fang/Square_Task/squares/train/c/211.png,2,0
/home/fang/Square_Task/squares/train/b/125.jpg,1,1
/home/fang/Square_Task/squares/train/b/480.jpg,1,3
/home/fang/Square_Task/squares/train/a/64.bmp,0,4
/home/fang/Square_Task/squares/train/b/272.png,1,0
/home/fang/Square_Task/squares/train/b/21.jpg,1,1
/home/fang/Square_Task/squares/train/b/203.jpg,1,3
/home/fang/Square_Task/squares/train/a/117.bmp,0,4
/home/fang/Square_Task/squares/train/b/374.png,1,0
/home/fang/Square_Task/squares/train/a/336.bmp,0,1
/home/fang/Square_Task/squares/train/a/89.bmp,0,3
/home/fang/Square_Task/squares/train/c/344.png,2,4
/home/fang/Square_Task/squares/train/b/52.png,1,0
/home/fang/Square_Task/squares/train/a/252.bmp,0,1
/home/fang/Square_Task/squares/train/c/200.jpg,2,3
/home/fang/Square_Task/squares/train/a/164.bmp,0,4
/home/fang/Square_Task/squares/train/c/223.jpg,2,0
/home/fang/Square_Task/squares/train/c/332.bmp,2,1
/home/fang/Square_Task/squares/train/c/329.bmp,2,3
/home/fang/Square_Task/squares/train/b/140.png,1,4
/home/fang/Square_Task/squares/train/a/422.bmp,0,0
/home/fang/Square_Task/squares/train/b/105.png,1,1
/home/fang/Square_Task/squares/train/c/384.png,2,3
/home/fang/Square_Task/squares/train/b/153.bmp,1,4
/home/fang/Square_Task/squares/train/a/161.png,0,0
/home/fang/Square_Task/squares/train/b/441.png,1,1
/home/fang/Square_Task/squares/train/a/12.bmp,0,3
/home/fang/Square_Task/squares/train/c/149.png,2,4
/home/fang/Square_Task/squares/train/c/201.png,2,0
/home/fang/Square_Task/squares/train/a/9.jpg,0,1
/home/fang/Square_Task/squares/train/a/285.jpg,0,3
/home/fang/Square_Task/squares/train/a/244.jpg,0,4
/home/fang/Square_Task/squares/train/a/69.bmp,0,0
/home/fang/Square_Task/squares/train/c/250.jpg,2,1
/home/fang/Square_Task/squares/train/c/72.png,2,3
/home/fang/Square_Task/squares/train/a/147.jpg,0,4
/home/fang/Square_Task/squares/train/c/324.png,2,0
/home/fang/Square_Task/squares/train/c/39.png,2,1
/home/fang/Square_Task/squares/train/a/383.png,0,3
/home/fang/Square_Task/squares/train/b/428.bmp,1,4
/home/fang/Square_Task/squares/train/a/300.jpg,0,0
/home/fang/Square_Task/squares/train/a/335.bmp,0,1
/home/fang/Square_Task/squares/train/a/137.bmp,0,3
/home/fang/Square_Task/squares/train/b/82.png,1,4
/home/fang/Square_Task/squares/train/c/145.png,2,0
/home/fang/Square_Task/squares/train/c/178.png,2,1
/home/fang/Square_Task/squares/train/c/85.png,2,3
/home/fang/Square_Task/squares/train/a/192.jpg,0,4
/home/fang/Square_Task/squares/train/a/319.jpg,0,0
/home/fang/Square_Task/squares/train/b/113.jpg,1,1
/home/fang/Square_Task/squares/train/c/437.png,2,3
/home/fang/Square_Task/squares/train/c/203.jpg,2,4
/home/fang/Square_Task/squares/train/c/235.png,2,0
/home/fang/Square_Task/squares/train/c/25.bmp,2,1
/home/fang/Square_Task/squares/train/c/22.bmp,2,3
/home/fang/Square_Task/squares/train/b/273.jpg,1,4
/home/fang/Square_Task/squares/train/c/253.png,2,0
/home/fang/Square_Task/squares/train/b/16.bmp,1,1
/home/fang/Square_Task/squares/train/b/130.jpg,1,3
/home/fang/Square_Task/squares/train/a/403.bmp,0,4
/home/fang/Square_Task/squares/train/b/47.png,1,0
/home/fang/Square_Task/squares/train/a/374.png,0,1
/home/fang/Square_Task/squares/train/a/119.jpg,0,3
/home/fang/Square_Task/squares/train/b/436.bmp,1,4
/home/fang/Square_Task/squares/train/c/368.jpg,2,0
/home/fang/Square_Task/squares/train/a/54.bmp,0,1
/home/fang/Square_Task/squares/train/c/9.jpg,2,3
/home/fang/Square_Task/squares/train/a/126.jpg,0,4
/home/fang/Square_Task/squares/train/a/377.jpg,0,0
/home/fang/Square_Task/squares/train/a/339.jpg,0,1
/home/fang/Square_Task/squares/train/c/321.bmp,2,3
/home/fang/Square_Task/squares/train/a/358.png,0,4
/home/fang/Square_Task/squares/train/a/417.bmp,0,0
/home/fang/Square_Task/squares/train/b/300.jpg,1,1
/home/fang/Square_Task/squares/train/a/140.png,0,3
/home/fang/Square_Task/squares/train/c/6.jpg,2,4
/home/fang/Square_Task/squares/train/a/257.jpg,0,0
/home/fang/Square_Task/squares/train/a/333.bmp,0,1
/home/fang/Square_Task/squares/train/a/483.bmp,0,3
/home/fang/Square_Task/squares/train/a/138.png,0,4
/home/fang/Square_Task/squares/train/a/375.png,0,0
/home/fang/Square_Task/squares/train/a/84.png,0,1
/home/fang/Square_Task/squares/train/b/450.jpg,1,3
/home/fang/Square_Task/squares/train/b/355.bmp,1,4
/home/fang/Square_Task/squares/train/b/492.jpg,1,0
/home/fang/Square_Task/squares/train/a/35.png,0,1
/home/fang/Square_Task/squares/train/a/330.bmp,0,3
/home/fang/Square_Task/squares/train/c/291.bmp,2,4
/home/fang/Square_Task/squares/train/b/477.jpg,1,0
/home/fang/Square_Task/squares/train/a/143.png,0,1
/home/fang/Square_Task/squares/train/a/127.png,0,3
/home/fang/Square_Task/squares/train/a/180.bmp,0,4
/home/fang/Square_Task/squares/train/a/241.jpg,0,0
/home/fang/Square_Task/squares/train/b/229.png,1,1
/home/fang/Square_Task/squares/train/a/384.png,0,3
/home/fang/Square_Task/squares/train/c/422.bmp,2,4
/home/fang/Square_Task/squares/train/a/231.bmp,0,0
/home/fang/Square_Task/squares/train/b/84.png,1,1
/home/fang/Square_Task/squares/train/b/312.bmp,1,3
/home/fang/Square_Task/squares/train/c/81.jpg,2,4
/home/fang/Square_Task/squares/train/b/308.bmp,1,0
/home/fang/Square_Task/squares/train/a/167.png,0,1
/home/fang/Square_Task/squares/train/a/67.jpg,0,3
/home/fang/Square_Task/squares/train/a/255.jpg,0,4
/home/fang/Square_Task/squares/train/a/209.png,0,0
/home/fang/Square_Task/squares/train/a/276.png,0,1
/home/fang/Square_Task/squares/train/a/232.jpg,0,3
/home/fang/Square_Task/squares/train/c/37.bmp,2,4
/home/fang/Square_Task/squares/train/c/89.bmp,2,0
/home/fang/Square_Task/squares/train/a/460.bmp,0,1
/home/fang/Square_Task/squares/train/c/465.bmp,2,3
/home/fang/Square_Task/squares/train/c/260.jpg,2,4
/home/fang/Square_Task/squares/train/a/485.png,0,0
/home/fang/Square_Task/squares/train/c/244.jpg,2,1
/home/fang/Square_Task/squares/train/a/477.jpg,0,3
/home/fang/Square_Task/squares/train/b/479.bmp,1,4
/home/fang/Square_Task/squares/train/a/499.bmp,0,0
/home/fang/Square_Task/squares/train/b/295.jpg,1,1
/home/fang/Square_Task/squares/train/c/364.jpg,2,3
/home/fang/Square_Task/squares/train/b/426.jpg,1,4
/home/fang/Square_Task/squares/train/b/412.png,1,0
/home/fang/Square_Task/squares/train/a/44.jpg,0,1
/home/fang/Square_Task/squares/train/a/187.bmp,0,3
/home/fang/Square_Task/squares/train/b/148.jpg,1,4
/home/fang/Square_Task/squares/train/b/326.png,1,0
/home/fang/Square_Task/squares/train/c/124.jpg,2,1
/home/fang/Square_Task/squares/train/a/234.jpg,0,3
/home/fang/Square_Task/squares/train/b/194.jpg,1,4
/home/fang/Square_Task/squares/train/a/189.bmp,0,0
/home/fang/Square_Task/squares/train/b/327.jpg,1,1
/home/fang/Square_Task/squares/train/b/474.png,1,3
/home/fang/Square_Task/squares/train/a/439.bmp,0,4
/home/fang/Square_Task/squares/train/b/351.png,1,0
/home/fang/Square_Task/squares/train/c/438.jpg,2,1
/home/fang/Square_Task/squares/train/c/488.jpg,2,3
/home/fang/Square_Task/squares/train/c/380.jpg,2,4
/home/fang/Square_Task/squares/train/b/155.png,1,0
/home/fang/Square_Task/squares/train/c/118.png,2,1
/home/fang/Square_Task/squares/train/a/296.png,0,3
/home/fang/Square_Task/squares/train/c/335.bmp,2,4
/home/fang/Square_Task/squares/train/c/391.png,2,0
/home/fang/Square_Task/squares/train/c/318.png,2,1
/home/fang/Square_Task/squares/train/b/187.bmp,1,3
/home/fang/Square_Task/squares/train/b/190.bmp,1,4
/home/fang/Square_Task/squares/train/a/306.png,0,0
/home/fang/Square_Task/squares/train/c/84.png,2,1
/home/fang/Square_Task/squares/train/b/108.jpg,1,3
/home/fang/Square_Task/squares/train/c/415.jpg,2,4
/home/fang/Square_Task/squares/train/b/495.bmp,1,0
/home/fang/Square_Task/squares/train/a/452.bmp,0,1
/home/fang/Square_Task/squares/train/a/18.png,0,3
/home/fang/Square_Task/squares/train/c/96.bmp,2,4
/home/fang/Square_Task/squares/train/c/95.jpg,2,0
/home/fang/Square_Task/squares/train/b/110.jpg,1,1
/home/fang/Square_Task/squares/train/b/227.jpg,1,3
/home/fang/Square_Task/squares/train/a/154.jpg,0,4
/home/fang/Square_Task/squares/train/c/323.jpg,2,0
/home/fang/Square_Task/squares/train/b/407.png,1,1
/home/fang/Square_Task/squares/train/c/227.jpg,2,3
/home/fang/Square_Task/squares/train/a/197.png,0,4
/home/fang/Square_Task/squares/train/a/63.bmp,0,0
/home/fang/Square_Task/squares/train/a/264.png,0,1
/home/fang/Square_Task/squares/train/c/159.jpg,2,3
/home/fang/Square_Task/squares/train/c/325.jpg,2,4
/home/fang/Square_Task/squares/train/a/451.bmp,0,0
/home/fang/Square_Task/squares/train/a/65.bmp,0,1
/home/fang/Square_Task/squares/train/b/262.png,1,3
/home/fang/Square_Task/squares/train/c/419.png,2,4
/home/fang/Square_Task/squares/train/a/162.png,0,0
/home/fang/Square_Task/squares/train/b/193.png,1,1
/home/fang/Square_Task/squares/train/b/399.jpg,1,3
/home/fang/Square_Task/squares/train/b/79.png,1,4
/home/fang/Square_Task/squares/train/b/186.jpg,1,0
/home/fang/Square_Task/squares/train/b/254.bmp,1,1
/home/fang/Square_Task/squares/train/a/79.png,0,3
/home/fang/Square_Task/squares/train/b/439.bmp,1,4
/home/fang/Square_Task/squares/train/a/87.jpg,0,0
/home/fang/Square_Task/squares/train/a/272.png,0,1
/home/fang/Square_Task/squares/train/b/328.png,1,3
/home/fang/Square_Task/squares/train/a/19.jpg,0,4
/home/fang/Square_Task/squares/train/a/480.jpg,0,0
/home/fang/Square_Task/squares/train/b/31.jpg,1,1
/home/fang/Square_Task/squares/train/c/266.bmp,2,3
/home/fang/Square_Task/squares/train/a/7.png,0,4
/home/fang/Square_Task/squares/train/c/230.bmp,2,0
/home/fang/Square_Task/squares/train/a/420.jpg,0,1
/home/fang/Square_Task/squares/train/a/150.bmp,0,3
/home/fang/Square_Task/squares/train/c/73.png,2,4
/home/fang/Square_Task/squares/train/b/106.jpg,1,0
/home/fang/Square_Task/squares/train/b/264.png,1,1
/home/fang/Square_Task/squares/train/c/220.bmp,2,3
/home/fang/Square_Task/squares/train/b/48.jpg,1,4
/home/fang/Square_Task/squares/train/c/184.bmp,2,0
/home/fang/Square_Task/squares/train/a/223.jpg,0,1
/home/fang/Square_Task/squares/train/c/42.bmp,2,3
/home/fang/Square_Task/squares/train/b/250.jpg,1,4
/home/fang/Square_Task/squares/train/c/496.bmp,2,0
/home/fang/Square_Task/squares/train/b/481.jpg,1,1
/home/fang/Square_Task/squares/train/c/101.bmp,2,3
/home/fang/Square_Task/squares/train/c/190.bmp,2,4
/home/fang/Square_Task/squares/train/c/104.png,2,0
/home/fang/Square_Task/squares/train/c/367.png,2,1
/home/fang/Square_Task/squares/train/a/43.png,0,3
/home/fang/Square_Task/squares/train/c/93.jpg,2,4
/home/fang/Square_Task/squares/train/b/390.png,1,0
/home/fang/Square_Task/squares/train/b/232.jpg,1,1
/home/fang/Square_Task/squares/train/a/288.bmp,0,3
/home/fang/Square_Task/squares/train/a/66.bmp,0,4
/home/fang/Square_Task/squares/train/b/476.bmp,1,0
/home/fang/Square_Task/squares/train/b/185.png,1,1
/home/fang/Square_Task/squares/train/c/283.bmp,2,3
/home/fang/Square_Task/squares/train/a/178.png,0,4
/home/fang/Square_Task/squares/train/b/1.bmp,1,0
/home/fang/Square_Task/squares/train/a/430.png,0,1
/home/fang/Square_Task/squares/train/a/222.bmp,0,3
/home/fang/Square_Task/squares/train/c/279.png,2,4
/home/fang/Square_Task/squares/train/b/128.jpg,1,0
/home/fang/Square_Task/squares/train/a/290.jpg,0,1
/home/fang/Square_Task/squares/train/c/464.png,2,3
/home/fang/Square_Task/squares/train/c/233.png,2,4
/home/fang/Square_Task/squares/train/b/253.png,1,0
/home/fang/Square_Task/squares/train/b/45.bmp,1,1
/home/fang/Square_Task/squares/train/c/316.jpg,2,3
/home/fang/Square_Task/squares/train/b/323.jpg,1,4
/home/fang/Square_Task/squares/train/a/493.jpg,0,0
/home/fang/Square_Task/squares/train/b/444.jpg,1,1
/home/fang/Square_Task/squares/train/a/309.png,0,3
/home/fang/Square_Task/squares/train/b/271.jpg,1,4
/home/fang/Square_Task/squares/train/a/124.jpg,0,0
/home/fang/Square_Task/squares/train/c/158.jpg,2,1
/home/fang/Square_Task/squares/train/c/204.bmp,2,3
/home/fang/Square_Task/squares/train/b/364.jpg,1,4
/home/fang/Square_Task/squares/train/a/166.jpg,0,0
/home/fang/Square_Task/squares/train/b/304.jpg,1,1
/home/fang/Square_Task/squares/train/b/252.bmp,1,3
/home/fang/Square_Task/squares/train/b/297.png,1,4
/home/fang/Square_Task/squares/train/c/295.jpg,2,0
/home/fang/Square_Task/squares/train/c/274.jpg,2,1
/home/fang/Square_Task/squares/train/b/70.jpg,1,3
/home/fang/Square_Task/squares/train/a/407.png,0,4
/home/fang/Square_Task/squares/train/c/371.jpg,2,0
/home/fang/Square_Task/squares/train/b/51.jpg,1,1
/home/fang/Square_Task/squares/train/b/43.png,1,3
/home/fang/Square_Task/squares/train/a/174.png,0,4
/home/fang/Square_Task/squares/train/a/171.bmp,0,0
/home/fang/Square_Task/squares/train/c/147.jpg,2,1
/home/fang/Square_Task/squares/train/c/387.bmp,2,3
/home/fang/Square_Task/squares/train/a/334.png,0,4
/home/fang/Square_Task/squares/train/b/122.png,1,0
/home/fang/Square_Task/squares/train/c/69.bmp,2,1
/home/fang/Square_Task/squares/train/a/481.jpg,0,3
/home/fang/Square_Task/squares/train/c/248.png,2,4
/home/fang/Square_Task/squares/train/a/61.bmp,0,0
/home/fang/Square_Task/squares/train/a/169.bmp,0,1
/home/fang/Square_Task/squares/train/a/42.bmp,0,3
/home/fang/Square_Task/squares/train/a/6.jpg,0,4
/home/fang/Square_Task/squares/train/b/473.jpg,1,0
/home/fang/Square_Task/squares/train/a/489.png,0,1
/home/fang/Square_Task/squares/train/c/426.jpg,2,3
/home/fang/Square_Task/squares/train/a/168.png,0,4
/home/fang/Square_Task/squares/train/c/338.bmp,2,0
/home/fang/Square_Task/squares/train/a/215.bmp,0,1
/home/fang/Square_Task/squares/train/a/320.png,0,3
/home/fang/Square_Task/squares/train/c/339.jpg,2,4
/home/fang/Square_Task/squares/train/b/386.png,1,0
/home/fang/Square_Task/squares/train/b/372.png,1,1
/home/fang/Square_Task/squares/train/a/437.png,0,3
/home/fang/Square_Task/squares/train/c/476.bmp,2,4
/home/fang/Square_Task/squares/train/a/246.jpg,0,0
/home/fang/Square_Task/squares/train/a/27.jpg,0,1
/home/fang/Square_Task/squares/train/c/479.bmp,2,3
/home/fang/Square_Task/squares/train/a/277.bmp,0,4
/home/fang/Square_Task/squares/train/c/98.png,2,0
/home/fang/Square_Task/squares/train/a/81.jpg,0,1
/home/fang/Square_Task/squares/train/a/148.jpg,0,3
/home/fang/Square_Task/squares/train/c/100.png,2,4
/home/fang/Square_Task/squares/train/c/386.png,2,0
/home/fang/Square_Task/squares/train/b/181.png,1,1
/home/fang/Square_Task/squares/train/b/173.bmp,1,3
/home/fang/Square_Task/squares/train/b/191.png,1,4
/home/fang/Square_Task/squares/train/c/232.jpg,2,0
/home/fang/Square_Task/squares/train/b/135.bmp,1,1
/home/fang/Square_Task/squares/train/c/12.bmp,2,3
/home/fang/Square_Task/squares/train/c/417.bmp,2,4
/home/fang/Square_Task/squares/train/b/95.jpg,1,0
/home/fang/Square_Task/squares/train/a/278.jpg,0,1
/home/fang/Square_Task/squares/train/b/133.png,1,3
/home/fang/Square_Task/squares/train/c/202.bmp,2,4
/home/fang/Square_Task/squares/train/b/378.bmp,1,0
/home/fang/Square_Task/squares/train/c/492.jpg,2,1
/home/fang/Square_Task/squares/train/a/14.jpg,0,3
/home/fang/Square_Task/squares/train/b/417.bmp,1,4
/home/fang/Square_Task/squares/train/a/97.bmp,0,0
/home/fang/Square_Task/squares/train/b/177.png,1,1
/home/fang/Square_Task/squares/train/c/401.png,2,3
/home/fang/Square_Task/squares/train/c/234.jpg,2,4
/home/fang/Square_Task/squares/train/a/351.png,0,0
/home/fang/Square_Task/squares/train/b/395.jpg,1,1
/home/fang/Square_Task/squares/train/b/360.bmp,1,3
/home/fang/Square_Task/squares/train/c/331.jpg,2,4
/home/fang/Square_Task/squares/train/b/409.png,1,0
/home/fang/Square_Task/squares/train/b/381.png,1,1
/home/fang/Square_Task/squares/train/b/485.png,1,3
/home/fang/Square_Task/squares/train/a/57.png,0,4
/home/fang/Square_Task/squares/train/b/429.png,1,0
/home/fang/Square_Task/squares/train/a/396.jpg,0,1
/home/fang/Square_Task/squares/train/a/207.bmp,0,3
/home/fang/Square_Task/squares/train/c/392.jpg,2,4
/home/fang/Square_Task/squares/train/a/245.png,0,0
/home/fang/Square_Task/squares/train/a/112.png,0,1
/home/fang/Square_Task/squares/train/c/156.bmp,2,3
/home/fang/Square_Task/squares/train/b/123.jpg,1,4
/home/fang/Square_Task/squares/train/c/423.jpg,2,0
/home/fang/Square_Task/squares/train/a/52.png,0,1
/home/fang/Square_Task/squares/train/c/138.png,2,3
/home/fang/Square_Task/squares/train/b/487.bmp,1,4
/home/fang/Square_Task/squares/train/b/421.jpg,1,0
/home/fang/Square_Task/squares/train/c/319.jpg,2,1
/home/fang/Square_Task/squares/train/a/132.bmp,0,3
/home/fang/Square_Task/squares/train/a/227.jpg,0,4
/home/fang/Square_Task/squares/train/a/316.jpg,0,0
/home/fang/Square_Task/squares/train/a/72.png,0,1
/home/fang/Square_Task/squares/train/b/117.bmp,1,3
/home/fang/Square_Task/squares/train/c/395.jpg,2,4
/home/fang/Square_Task/squares/train/a/476.bmp,0,0
/home/fang/Square_Task/squares/train/a/111.png,0,1
/home/fang/Square_Task/squares/train/b/163.jpg,1,3
/home/fang/Square_Task/squares/train/a/299.bmp,0,4
/home/fang/Square_Task/squares/train/a/156.bmp,0,0
/home/fang/Square_Task/squares/train/b/207.bmp,1,1
/home/fang/Square_Task/squares/train/c/246.jpg,2,3
/home/fang/Square_Task/squares/train/c/343.png,2,4
/home/fang/Square_Task/squares/train/a/459.png,0,0
/home/fang/Square_Task/squares/train/a/86.png,0,1
/home/fang/Square_Task/squares/train/a/269.jpg,0,3
/home/fang/Square_Task/squares/train/a/48.jpg,0,4
/home/fang/Square_Task/squares/train/c/199.jpg,2,0
/home/fang/Square_Task/squares/train/a/388.bmp,0,1
/home/fang/Square_Task/squares/train/c/137.bmp,2,3
/home/fang/Square_Task/squares/train/c/1.bmp,2,4
/home/fang/Square_Task/squares/train/b/102.jpg,1,0
/home/fang/Square_Task/squares/train/c/359.jpg,2,1
/home/fang/Square_Task/squares/train/a/268.jpg,0,3
/home/fang/Square_Task/squares/train/c/86.png,2,4
/home/fang/Square_Task/squares/train/b/371.jpg,1,0
/home/fang/Square_Task/squares/train/b/237.png,1,1
/home/fang/Square_Task/squares/train/c/210.bmp,2,3
/home/fang/Square_Task/squares/train/b/286.bmp,1,4
/home/fang/Square_Task/squares/train/c/350.jpg,2,0
/home/fang/Square_Task/squares/train/c/74.jpg,2,1
/home/fang/Square_Task/squares/train/b/318.png,1,3
/home/fang/Square_Task/squares/train/a/368.jpg,0,4
/home/fang/Square_Task/squares/train/a/83.bmp,0,0
/home/fang/Square_Task/squares/train/b/11.png,1,1
/home/fang/Square_Task/squares/train/c/372.png,2,3
/home/fang/Square_Task/squares/train/b/382.png,1,4
/home/fang/Square_Task/squares/train/c/103.jpg,2,0
/home/fang/Square_Task/squares/train/c/254.bmp,2,1
/home/fang/Square_Task/squares/train/a/191.png,0,3
/home/fang/Square_Task/squares/train/b/175.png,1,4
/home/fang/Square_Task/squares/train/b/151.png,1,0
/home/fang/Square_Task/squares/train/a/29.png,0,1
/home/fang/Square_Task/squares/train/a/56.bmp,0,3
/home/fang/Square_Task/squares/train/b/15.bmp,1,4
/home/fang/Square_Task/squares/train/a/80.jpg,0,0
/home/fang/Square_Task/squares/train/b/445.jpg,1,1
/home/fang/Square_Task/squares/train/b/369.png,1,3
/home/fang/Square_Task/squares/train/b/420.jpg,1,4
/home/fang/Square_Task/squares/train/c/432.png,2,0
/home/fang/Square_Task/squares/train/c/443.png,2,1
/home/fang/Square_Task/squares/train/b/239.png,1,3
/home/fang/Square_Task/squares/train/c/460.bmp,2,4
/home/fang/Square_Task/squares/train/c/461.png,2,0
/home/fang/Square_Task/squares/train/a/144.bmp,0,1
/home/fang/Square_Task/squares/train/a/359.jpg,0,3
/home/fang/Square_Task/squares/train/c/385.png,2,4
/home/fang/Square_Task/squares/train/a/5.jpg,0,0
/home/fang/Square_Task/squares/train/b/12.bmp,1,1
/home/fang/Square_Task/squares/train/c/160.png,2,3
/home/fang/Square_Task/squares/train/c/91.jpg,2,4
/home/fang/Square_Task/squares/train/a/98.png,0,0
/home/fang/Square_Task/squares/train/a/247.bmp,0,1
/home/fang/Square_Task/squares/train/b/280.png,1,3
/home/fang/Square_Task/squares/train/a/179.bmp,0,4
/home/fang/Square_Task/squares/train/c/23.jpg,2,0
/home/fang/Square_Task/squares/train/b/205.jpg,1,1
/home/fang/Square_Task/squares/train/c/366.jpg,2,3
/home/fang/Square_Task/squares/train/c/243.png,2,4
/home/fang/Square_Task/squares/train/a/491.bmp,0,0
/home/fang/Square_Task/squares/train/b/247.bmp,1,1
/home/fang/Square_Task/squares/train/a/378.bmp,0,3
/home/fang/Square_Task/squares/train/c/188.png,2,4
/home/fang/Square_Task/squares/train/a/220.bmp,0,0
/home/fang/Square_Task/squares/train/b/80.jpg,1,1
/home/fang/Square_Task/squares/train/c/109.jpg,2,3
/home/fang/Square_Task/squares/train/c/456.jpg,2,4
/home/fang/Square_Task/squares/train/c/31.jpg,2,0
/home/fang/Square_Task/squares/train/a/389.png,0,1
/home/fang/Square_Task/squares/train/c/35.png,2,3
/home/fang/Square_Task/squares/train/c/4.bmp,2,4
/home/fang/Square_Task/squares/train/a/82.png,0,0
/home/fang/Square_Task/squares/train/b/350.jpg,1,1
/home/fang/Square_Task/squares/train/c/480.jpg,2,3
/home/fang/Square_Task/squares/train/c/77.bmp,2,4
/home/fang/Square_Task/squares/train/a/302.png,0,0
/home/fang/Square_Task/squares/train/c/398.bmp,2,1
/home/fang/Square_Task/squares/train/c/57.png,2,3
/home/fang/Square_Task/squares/train/a/342.png,0,4
/home/fang/Square_Task/squares/train/a/419.png,0,0
/home/fang/Square_Task/squares/train/c/257.jpg,2,1
/home/fang/Square_Task/squares/train/b/292.png,1,3
/home/fang/Square_Task/squares/train/c/79.png,2,4
/home/fang/Square_Task/squares/train/a/33.jpg,0,0
/home/fang/Square_Task/squares/train/a/271.jpg,0,1
/home/fang/Square_Task/squares/train/b/223.jpg,1,3
/home/fang/Square_Task/squares/train/c/94.bmp,2,4
/home/fang/Square_Task/squares/train/b/165.jpg,1,0
/home/fang/Square_Task/squares/train/b/25.bmp,1,1
/home/fang/Square_Task/squares/train/a/494.png,0,3
/home/fang/Square_Task/squares/train/a/228.jpg,0,4
/home/fang/Square_Task/squares/train/a/53.png,0,0
/home/fang/Square_Task/squares/train/b/437.png,1,1
/home/fang/Square_Task/squares/train/b/331.jpg,1,3
/home/fang/Square_Task/squares/train/b/440.jpg,1,4
/home/fang/Square_Task/squares/train/a/16.bmp,0,0
/home/fang/Square_Task/squares/train/c/301.bmp,2,1
/home/fang/Square_Task/squares/train/a/293.bmp,0,3
/home/fang/Square_Task/squares/train/a/99.bmp,0,4
/home/fang/Square_Task/squares/train/a/78.png,0,0
/home/fang/Square_Task/squares/train/a/426.jpg,0,1
/home/fang/Square_Task/squares/train/a/88.jpg,0,3
/home/fang/Square_Task/squares/train/b/49.bmp,1,4
/home/fang/Square_Task/squares/train/c/59.png,2,0
/home/fang/Square_Task/squares/train/c/185.png,2,1
/home/fang/Square_Task/squares/train/c/19.jpg,2,3
/home/fang/Square_Task/squares/train/c/26.jpg,2,4
/home/fang/Square_Task/squares/train/b/461.png,1,0
/home/fang/Square_Task/squares/train/a/32.bmp,0,1
/home/fang/Square_Task/squares/train/b/357.jpg,1,3
/home/fang/Square_Task/squares/train/b/13.png,1,4
/home/fang/Square_Task/squares/train/c/225.jpg,2,0
/home/fang/Square_Task/squares/train/b/255.jpg,1,1
/home/fang/Square_Task/squares/train/a/4.bmp,0,3
/home/fang/Square_Task/squares/train/c/197.png,2,4
/home/fang/Square_Task/squares/train/c/132.bmp,2,0
/home/fang/Square_Task/squares/train/a/200.jpg,0,1
/home/fang/Square_Task/squares/train/c/497.jpg,2,3
/home/fang/Square_Task/squares/train/c/420.jpg,2,4
/home/fang/Square_Task/squares/train/a/413.bmp,0,0
/home/fang/Square_Task/squares/train/b/460.bmp,1,1
/home/fang/Square_Task/squares/train/c/352.jpg,2,3
/home/fang/Square_Task/squares/train/a/157.bmp,0,4
/home/fang/Square_Task/squares/train/a/95.jpg,0,0
/home/fang/Square_Task/squares/train/c/273.jpg,2,1
/home/fang/Square_Task/squares/train/b/71.bmp,1,3
/home/fang/Square_Task/squares/train/b/2.bmp,1,4
/home/fang/Square_Task/squares/train/c/128.jpg,2,0
/home/fang/Square_Task/squares/train/c/28.jpg,2,1
/home/fang/Square_Task/squares/train/b/114.bmp,1,3
/home/fang/Square_Task/squares/train/c/117.bmp,2,4
/home/fang/Square_Task/squares/train/c/114.bmp,2,0
/home/fang/Square_Task/squares/train/b/210.bmp,1,1
/home/fang/Square_Task/squares/train/b/424.bmp,1,3
/home/fang/Square_Task/squares/train/c/171.bmp,2,4
/home/fang/Square_Task/squares/train/a/381.png,0,0
/home/fang/Square_Task/squares/train/a/58.png,0,1
/home/fang/Square_Task/squares/train/b/118.png,1,3
/home/fang/Square_Task/squares/train/c/473.jpg,2,4
/home/fang/Square_Task/squares/train/c/141.jpg,2,0
/home/fang/Square_Task/squares/train/c/345.bmp,2,1
/home/fang/Square_Task/squares/train/c/458.jpg,2,3
/home/fang/Square_Task/squares/train/a/47.png,0,4
/home/fang/Square_Task/squares/train/c/445.jpg,2,0
/home/fang/Square_Task/squares/train/a/354.jpg,0,1
/home/fang/Square_Task/squares/train/c/290.jpg,2,3
/home/fang/Square_Task/squares/train/c/157.bmp,2,4
/home/fang/Square_Task/squares/train/a/133.png,0,0
/home/fang/Square_Task/squares/train/b/238.bmp,1,1
/home/fang/Square_Task/squares/train/a/376.png,0,3
/home/fang/Square_Task/squares/train/b/164.bmp,1,4
/home/fang/Square_Task/squares/train/c/397.png,2,0
/home/fang/Square_Task/squares/train/b/35.png,1,1
/home/fang/Square_Task/squares/train/b/408.png,1,3
/home/fang/Square_Task/squares/train/b/37.bmp,1,4
/home/fang/Square_Task/squares/train/c/303.png,2,0
/home/fang/Square_Task/squares/train/c/379.jpg,2,1
/home/fang/Square_Task/squares/train/a/327.jpg,0,3
/home/fang/Square_Task/squares/train/a/313.bmp,0,4
/home/fang/Square_Task/squares/train/a/217.bmp,0,0
/home/fang/Square_Task/squares/train/b/211.png,1,1
/home/fang/Square_Task/squares/train/c/177.png,2,3
/home/fang/Square_Task/squares/train/c/146.bmp,2,4
/home/fang/Square_Task/squares/train/c/133.png,2,0
/home/fang/Square_Task/squares/train/b/136.bmp,1,1
/home/fang/Square_Task/squares/train/a/329.bmp,0,3
/home/fang/Square_Task/squares/train/c/302.png,2,4
/home/fang/Square_Task/squares/train/c/255.jpg,2,0
/home/fang/Square_Task/squares/train/b/62.png,1,1
/home/fang/Square_Task/squares/train/b/496.bmp,1,3
/home/fang/Square_Task/squares/train/b/249.png,1,4
/home/fang/Square_Task/squares/train/c/154.jpg,2,0
/home/fang/Square_Task/squares/train/c/416.png,2,1
/home/fang/Square_Task/squares/train/c/342.png,2,3
/home/fang/Square_Task/squares/train/a/237.png,0,4
/home/fang/Square_Task/squares/train/b/97.bmp,1,0
/home/fang/Square_Task/squares/train/c/441.png,2,1
/home/fang/Square_Task/squares/train/a/90.png,0,3
/home/fang/Square_Task/squares/train/a/357.jpg,0,4
/home/fang/Square_Task/squares/train/b/41.bmp,1,0
/home/fang/Square_Task/squares/train/a/45.bmp,0,1
/home/fang/Square_Task/squares/train/a/410.bmp,0,3
/home/fang/Square_Task/squares/train/b/314.png,1,4
/home/fang/Square_Task/squares/train/c/172.bmp,2,0
/home/fang/Square_Task/squares/train/c/176.bmp,2,1
/home/fang/Square_Task/squares/train/b/338.bmp,1,3
/home/fang/Square_Task/squares/train/b/385.png,1,4
/home/fang/Square_Task/squares/train/c/489.png,2,0
/home/fang/Square_Task/squares/train/a/91.jpg,0,1
/home/fang/Square_Task/squares/train/a/431.bmp,0,3
/home/fang/Square_Task/squares/train/a/270.bmp,0,4
/home/fang/Square_Task/squares/train/a/406.bmp,0,0
/home/fang/Square_Task/squares/train/c/115.jpg,2,1
/home/fang/Square_Task/squares/train/b/91.jpg,1,3
/home/fang/Square_Task/squares/train/c/425.png,2,4
/home/fang/Square_Task/squares/train/b/39.png,1,0
/home/fang/Square_Task/squares/train/a/149.png,0,1
/home/fang/Square_Task/squares/train/b/127.png,1,3
/home/fang/Square_Task/squares/train/a/498.png,0,4
/home/fang/Square_Task/squares/train/c/340.png,2,0
/home/fang/Square_Task/squares/train/b/309.png,1,1
/home/fang/Square_Task/squares/train/a/120.png,0,3
/home/fang/Square_Task/squares/train/c/356.bmp,2,4
/home/fang/Square_Task/squares/train/c/7.png,2,0
/home/fang/Square_Task/squares/train/c/298.bmp,2,1
/home/fang/Square_Task/squares/train/c/90.png,2,3
/home/fang/Square_Task/squares/train/b/0.jpg,1,4
/home/fang/Square_Task/squares/train/b/270.bmp,1,0
/home/fang/Square_Task/squares/train/b/415.jpg,1,1
/home/fang/Square_Task/squares/train/a/273.jpg,0,3
/home/fang/Square_Task/squares/train/c/457.jpg,2,4
/home/fang/Square_Task/squares/train/c/310.jpg,2,0
/home/fang/Square_Task/squares/train/b/410.bmp,1,1
/home/fang/Square_Task/squares/train/a/486.png,0,3
/home/fang/Square_Task/squares/train/c/405.jpg,2,4
/home/fang/Square_Task/squares/train/b/282.png,1,0
/home/fang/Square_Task/squares/train/c/286.bmp,2,1
/home/fang/Square_Task/squares/train/b/329.bmp,1,3
/home/fang/Square_Task/squares/train/c/140.png,2,4
/home/fang/Square_Task/squares/train/b/265.png,1,0
/home/fang/Square_Task/squares/train/b/24.bmp,1,1
/home/fang/Square_Task/squares/train/c/284.png,2,3
/home/fang/Square_Task/squares/train/c/14.jpg,2,4
/home/fang/Square_Task/squares/train/b/115.jpg,1,0
/home/fang/Square_Task/squares/train/b/274.jpg,1,1
/home/fang/Square_Task/squares/train/b/322.bmp,1,3
/home/fang/Square_Task/squares/train/b/427.bmp,1,4
/home/fang/Square_Task/squares/train/c/65.bmp,2,0
/home/fang/Square_Task/squares/train/a/193.png,0,1
/home/fang/Square_Task/squares/train/a/379.jpg,0,3
/home/fang/Square_Task/squares/train/c/187.bmp,2,4
/home/fang/Square_Task/squares/train/b/234.jpg,1,0
/home/fang/Square_Task/squares/train/a/250.jpg,0,1
/home/fang/Square_Task/squares/train/b/240.png,1,3
/home/fang/Square_Task/squares/train/c/293.bmp,2,4
/home/fang/Square_Task/squares/train/c/287.png,2,0
/home/fang/Square_Task/squares/train/c/311.bmp,2,1
/home/fang/Square_Task/squares/train/c/224.png,2,3
/home/fang/Square_Task/squares/train/b/263.bmp,1,4
/home/fang/Square_Task/squares/train/b/459.png,1,0
/home/fang/Square_Task/squares/train/b/383.png,1,1
/home/fang/Square_Task/squares/train/b/204.bmp,1,3
/home/fang/Square_Task/squares/train/a/487.bmp,0,4
/home/fang/Square_Task/squares/train/a/37.bmp,0,0
/home/fang/Square_Task/squares/train/b/354.jpg,1,1
/home/fang/Square_Task/squares/train/c/349.png,2,3
/home/fang/Square_Task/squares/train/a/173.bmp,0,4
/home/fang/Square_Task/squares/train/c/410.bmp,2,0
/home/fang/Square_Task/squares/train/c/448.jpg,2,1
/home/fang/Square_Task/squares/train/c/62.png,2,3
/home/fang/Square_Task/squares/train/a/219.jpg,0,4
/home/fang/Square_Task/squares/train/c/433.bmp,2,0
/home/fang/Square_Task/squares/train/b/154.jpg,1,1
/home/fang/Square_Task/squares/train/a/128.jpg,0,3
/home/fang/Square_Task/squares/train/a/194.jpg,0,4
/home/fang/Square_Task/squares/train/a/373.jpg,0,0
/home/fang/Square_Task/squares/train/c/268.jpg,2,1
/home/fang/Square_Task/squares/train/c/272.png,2,3
/home/fang/Square_Task/squares/train/b/188.png,1,4
/home/fang/Square_Task/squares/train/a/390.png,0,0
/home/fang/Square_Task/squares/train/c/270.bmp,2,1
/home/fang/Square_Task/squares/train/b/380.jpg,1,3
/home/fang/Square_Task/squares/train/a/121.jpg,0,4
/home/fang/Square_Task/squares/train/b/6.jpg,1,0
/home/fang/Square_Task/squares/train/b/464.png,1,1
/home/fang/Square_Task/squares/train/a/416.png,0,3
/home/fang/Square_Task/squares/train/a/450.jpg,0,4
/home/fang/Square_Task/squares/train/a/434.jpg,0,0
/home/fang/Square_Task/squares/train/a/387.bmp,0,1
/home/fang/Square_Task/squares/train/c/459.png,2,3
/home/fang/Square_Task/squares/train/b/484.bmp,1,4
/home/fang/Square_Task/squares/train/a/346.bmp,0,0
/home/fang/Square_Task/squares/train/b/87.jpg,1,1
/home/fang/Square_Task/squares/train/b/470.bmp,1,3
/home/fang/Square_Task/squares/train/b/29.png,1,4
/home/fang/Square_Task/squares/train/b/277.bmp,1,0
/home/fang/Square_Task/squares/train/b/147.jpg,1,1
/home/fang/Square_Task/squares/train/c/88.jpg,2,3
/home/fang/Square_Task/squares/train/a/369.png,0,4
/home/fang/Square_Task/squares/train/b/168.png,1,0
/home/fang/Square_Task/squares/train/c/377.jpg,2,1
/home/fang/Square_Task/squares/train/a/371.jpg,0,3
/home/fang/Square_Task/squares/train/b/313.bmp,1,4
/home/fang/Square_Task/squares/train/b/112.png,1,0
/home/fang/Square_Task/squares/train/a/322.bmp,0,1
/home/fang/Square_Task/squares/train/c/330.bmp,2,3
/home/fang/Square_Task/squares/train/c/161.png,2,4
/home/fang/Square_Task/squares/train/a/298.bmp,0,0
/home/fang/Square_Task/squares/train/a/265.png,0,1
/home/fang/Square_Task/squares/train/a/258.jpg,0,3
/home/fang/Square_Task/squares/train/b/201.png,1,4
/home/fang/Square_Task/squares/train/c/168.png,2,0
/home/fang/Square_Task/squares/train/c/355.bmp,2,1
/home/fang/Square_Task/squares/train/a/307.bmp,0,3
/home/fang/Square_Task/squares/train/c/430.png,2,4
/home/fang/Square_Task/squares/train/a/393.png,0,0
/home/fang/Square_Task/squares/train/a/259.bmp,0,1
/home/fang/Square_Task/squares/train/a/287.png,0,3
/home/fang/Square_Task/squares/train/a/50.bmp,0,4
/home/fang/Square_Task/squares/train/c/388.bmp,2,0
/home/fang/Square_Task/squares/train/b/243.png,1,1
/home/fang/Square_Task/squares/train/a/441.png,0,3
/home/fang/Square_Task/squares/train/b/93.jpg,1,4
/home/fang/Square_Task/squares/train/a/433.bmp,0,0
/home/fang/Square_Task/squares/train/c/205.jpg,2,1
/home/fang/Square_Task/squares/train/c/403.bmp,2,3
/home/fang/Square_Task/squares/train/a/204.bmp,0,4
/home/fang/Square_Task/squares/train/c/126.jpg,2,0
/home/fang/Square_Task/squares/train/a/77.bmp,0,1
/home/fang/Square_Task/squares/train/a/438.jpg,0,3
/home/fang/Square_Task/squares/train/c/327.jpg,2,4
/home/fang/Square_Task/squares/train/a/198.jpg,0,0
/home/fang/Square_Task/squares/train/b/433.bmp,1,1
/home/fang/Square_Task/squares/train/a/428.bmp,0,3
/home/fang/Square_Task/squares/train/b/498.png,1,4
/home/fang/Square_Task/squares/train/c/474.png,2,0
/home/fang/Square_Task/squares/train/c/322.bmp,2,1
/home/fang/Square_Task/squares/train/c/493.jpg,2,3
/home/fang/Square_Task/squares/train/a/449.bmp,0,4
/home/fang/Square_Task/squares/train/c/186.jpg,2,0
/home/fang/Square_Task/squares/train/a/308.bmp,0,1
/home/fang/Square_Task/squares/train/c/252.bmp,2,3
/home/fang/Square_Task/squares/train/c/121.jpg,2,4
/home/fang/Square_Task/squares/train/b/346.bmp,1,0
/home/fang/Square_Task/squares/train/a/263.bmp,0,1
/home/fang/Square_Task/squares/train/c/396.jpg,2,3
/home/fang/Square_Task/squares/train/b/291.bmp,1,4
/home/fang/Square_Task/squares/train/b/320.png,1,0
/home/fang/Square_Task/squares/train/a/456.jpg,0,1
/home/fang/Square_Task/squares/train/a/286.bmp,0,3
/home/fang/Square_Task/squares/train/c/431.bmp,2,4
/home/fang/Square_Task/squares/train/a/464.png,0,0
/home/fang/Square_Task/squares/train/c/446.png,2,1
/home/fang/Square_Task/squares/train/c/306.png,2,3
/home/fang/Square_Task/squares/train/b/33.jpg,1,4
/home/fang/Square_Task/squares/train/b/75.jpg,1,0
/home/fang/Square_Task/squares/train/a/1.bmp,0,1
/home/fang/Square_Task/squares/train/a/113.jpg,0,3
/home/fang/Square_Task/squares/train/b/453.jpg,1,4
/home/fang/Square_Task/squares/train/b/54.bmp,1,0
/home/fang/Square_Task/squares/train/a/177.png,0,1
/home/fang/Square_Task/squares/train/a/202.bmp,0,3
/home/fang/Square_Task/squares/train/c/439.bmp,2,4
/home/fang/Square_Task/squares/train/a/74.jpg,0,0
/home/fang/Square_Task/squares/train/c/442.jpg,2,1
/home/fang/Square_Task/squares/train/c/406.bmp,2,3
/home/fang/Square_Task/squares/train/a/159.jpg,0,4
/home/fang/Square_Task/squares/train/b/248.png,1,0
/home/fang/Square_Task/squares/train/c/127.png,2,1
/home/fang/Square_Task/squares/train/c/182.bmp,2,3
/home/fang/Square_Task/squares/train/c/209.png,2,4
/home/fang/Square_Task/squares/train/b/330.bmp,1,0
/home/fang/Square_Task/squares/train/b/349.png,1,1
/home/fang/Square_Task/squares/train/c/21.jpg,2,3
/home/fang/Square_Task/squares/train/a/134.bmp,0,4
/home/fang/Square_Task/squares/train/b/85.png,1,0
/home/fang/Square_Task/squares/train/a/467.jpg,0,1
/home/fang/Square_Task/squares/train/b/401.png,1,3
/home/fang/Square_Task/squares/train/c/409.png,2,4
/home/fang/Square_Task/squares/train/b/370.bmp,1,0
/home/fang/Square_Task/squares/train/b/134.bmp,1,1
/home/fang/Square_Task/squares/train/a/462.jpg,0,3
/home/fang/Square_Task/squares/train/c/444.jpg,2,4
/home/fang/Square_Task/squares/train/b/69.bmp,1,0
/home/fang/Square_Task/squares/train/a/211.png,0,1
/home/fang/Square_Task/squares/train/c/169.bmp,2,3
/home/fang/Square_Task/squares/train/a/355.bmp,0,4
/home/fang/Square_Task/squares/train/c/18.png,2,0
/home/fang/Square_Task/squares/train/b/9.jpg,1,1
/home/fang/Square_Task/squares/train/c/264.png,2,3
/home/fang/Square_Task/squares/train/a/25.bmp,0,4
/home/fang/Square_Task/squares/train/c/466.png,2,0
/home/fang/Square_Task/squares/train/a/100.png,0,1
/home/fang/Square_Task/squares/train/a/458.jpg,0,3
/home/fang/Square_Task/squares/train/c/60.bmp,2,4
/home/fang/Square_Task/squares/train/b/276.png,1,0
/home/fang/Square_Task/squares/train/b/457.jpg,1,1
/home/fang/Square_Task/squares/train/b/141.jpg,1,3
/home/fang/Square_Task/squares/train/a/188.png,0,4
/home/fang/Square_Task/squares/train/a/447.bmp,0,0
/home/fang/Square_Task/squares/train/b/363.jpg,1,1
/home/fang/Square_Task/squares/train/b/58.png,1,3
/home/fang/Square_Task/squares/train/a/170.bmp,0,4
/home/fang/Square_Task/squares/train/c/485.png,2,0
/home/fang/Square_Task/squares/train/b/14.jpg,1,1
/home/fang/Square_Task/squares/train/a/206.bmp,0,3
/home/fang/Square_Task/squares/train/c/245.png,2,4
/home/fang/Square_Task/squares/train/a/385.png,0,0
/home/fang/Square_Task/squares/train/c/360.bmp,2,1
/home/fang/Square_Task/squares/train/a/303.png,0,3
/home/fang/Square_Task/squares/train/a/495.bmp,0,4
/home/fang/Square_Task/squares/train/b/375.png,1,0
/home/fang/Square_Task/squares/train/c/207.bmp,2,1
/home/fang/Square_Task/squares/train/a/108.jpg,0,3
/home/fang/Square_Task/squares/train/b/340.png,1,4
/home/fang/Square_Task/squares/train/b/68.png,1,0
/home/fang/Square_Task/squares/train/b/86.png,1,1
/home/fang/Square_Task/squares/train/a/323.jpg,0,3
/home/fang/Square_Task/squares/train/c/363.jpg,2,4
/home/fang/Square_Task/squares/train/a/350.jpg,0,0
/home/fang/Square_Task/squares/train/b/285.jpg,1,1
/home/fang/Square_Task/squares/train/a/386.png,0,3
/home/fang/Square_Task/squares/train/b/499.bmp,1,4
/home/fang/Square_Task/squares/train/c/206.bmp,2,0
/home/fang/Square_Task/squares/train/a/104.png,0,1
/home/fang/Square_Task/squares/train/b/260.jpg,1,3
/home/fang/Square_Task/squares/train/b/221.png,1,4
/home/fang/Square_Task/squares/train/a/24.bmp,0,0
/home/fang/Square_Task/squares/train/a/261.png,0,1
/home/fang/Square_Task/squares/train/a/331.jpg,0,3
/home/fang/Square_Task/squares/train/a/442.jpg,0,4
/home/fang/Square_Task/squares/train/c/436.bmp,2,0
/home/fang/Square_Task/squares/train/a/242.bmp,0,1
/home/fang/Square_Task/squares/train/c/467.jpg,2,3
/home/fang/Square_Task/squares/train/b/298.bmp,1,4
/home/fang/Square_Task/squares/train/a/404.jpg,0,0
/home/fang/Square_Task/squares/train/c/105.png,2,1
/home/fang/Square_Task/squares/train/a/122.png,0,3
/home/fang/Square_Task/squares/train/c/226.jpg,2,4
/home/fang/Square_Task/squares/train/a/41.bmp,0,0
/home/fang/Square_Task/squares/train/c/164.bmp,2,1
/home/fang/Square_Task/squares/train/a/321.bmp,0,3
/home/fang/Square_Task/squares/train/a/380.jpg,0,4
/home/fang/Square_Task/squares/train/b/195.jpg,1,0
/home/fang/Square_Task/squares/train/b/78.png,1,1
/home/fang/Square_Task/squares/train/a/470.bmp,0,3
/home/fang/Square_Task/squares/train/a/372.png,0,4
/home/fang/Square_Task/squares/train/a/136.bmp,0,0
/home/fang/Square_Task/squares/train/a/145.png,0,1
/home/fang/Square_Task/squares/train/c/247.bmp,2,3
/home/fang/Square_Task/squares/train/b/336.bmp,1,4
/home/fang/Square_Task/squares/train/a/341.jpg,0,0
/home/fang/Square_Task/squares/train/a/236.bmp,0,1
/home/fang/Square_Task/squares/train/a/239.png,0,3
/home/fang/Square_Task/squares/train/c/341.jpg,2,4
/home/fang/Square_Task/squares/train/c/242.bmp,2,0
/home/fang/Square_Task/squares/train/a/160.png,0,1
/home/fang/Square_Task/squares/train/c/299.bmp,2,3
/home/fang/Square_Task/squares/train/a/221.png,0,4
/home/fang/Square_Task/squares/train/b/419.png,1,0
/home/fang/Square_Task/squares/train/b/208.png,1,1
/home/fang/Square_Task/squares/train/a/199.jpg,0,3
/home/fang/Square_Task/squares/train/c/165.jpg,2,4
/home/fang/Square_Task/squares/train/a/394.png,0,0
/home/fang/Square_Task/squares/train/a/196.bmp,0,1
/home/fang/Square_Task/squares/train/c/288.bmp,2,3
/home/fang/Square_Task/squares/train/b/90.png,1,4
/home/fang/Square_Task/squares/train/a/158.jpg,0,0
/home/fang/Square_Task/squares/train/b/319.jpg,1,1
/home/fang/Square_Task/squares/train/b/184.bmp,1,3
/home/fang/Square_Task/squares/train/a/175.png,0,4
/home/fang/Square_Task/squares/train/b/449.bmp,1,0
/home/fang/Square_Task/squares/train/a/248.png,0,1
/home/fang/Square_Task/squares/train/b/101.bmp,1,3
/home/fang/Square_Task/squares/train/b/324.png,1,4
/home/fang/Square_Task/squares/train/c/2.bmp,2,0
/home/fang/Square_Task/squares/train/c/251.png,2,1
/home/fang/Square_Task/squares/train/a/454.jpg,0,3
/home/fang/Square_Task/squares/train/c/142.jpg,2,4
/home/fang/Square_Task/squares/train/c/61.bmp,2,0
/home/fang/Square_Task/squares/train/a/282.png,0,1
/home/fang/Square_Task/squares/train/c/495.bmp,2,3
/home/fang/Square_Task/squares/train/a/38.bmp,0,4
/home/fang/Square_Task/squares/train/c/326.png,2,0
/home/fang/Square_Task/squares/train/b/55.png,1,1
/home/fang/Square_Task/squares/train/c/34.jpg,2,3
/home/fang/Square_Task/squares/train/b/376.png,1,4
/home/fang/Square_Task/squares/train/b/8.png,1,0
/home/fang/Square_Task/squares/train/c/259.bmp,2,1
/home/fang/Square_Task/squares/train/b/159.jpg,1,3
/home/fang/Square_Task/squares/train/c/296.png,2,4
/home/fang/Square_Task/squares/train/b/475.png,1,0
/home/fang/Square_Task/squares/train/b/76.bmp,1,1
/home/fang/Square_Task/squares/train/a/274.jpg,0,3
/home/fang/Square_Task/squares/train/a/382.png,0,4
/home/fang/Square_Task/squares/train/b/278.jpg,1,0
/home/fang/Square_Task/squares/train/b/256.jpg,1,1
/home/fang/Square_Task/squares/train/b/63.bmp,1,3
/home/fang/Square_Task/squares/train/c/143.png,2,4
/home/fang/Square_Task/squares/train/b/472.bmp,1,0
/home/fang/Square_Task/squares/train/c/427.bmp,2,1
/home/fang/Square_Task/squares/train/a/116.jpg,0,3
/home/fang/Square_Task/squares/train/c/258.jpg,2,4
/home/fang/Square_Task/squares/train/c/333.bmp,2,0
/home/fang/Square_Task/squares/train/a/201.png,0,1
/home/fang/Square_Task/squares/train/c/411.png,2,3
/home/fang/Square_Task/squares/train/b/83.bmp,1,4
/home/fang/Square_Task/squares/train/a/338.bmp,0,0
/home/fang/Square_Task/squares/train/b/144.bmp,1,1
/home/fang/Square_Task/squares/train/a/484.bmp,0,3
/home/fang/Square_Task/squares/train/a/107.jpg,0,4
/home/fang/Square_Task/squares/train/b/342.png,1,0
/home/fang/Square_Task/squares/train/b/299.bmp,1,1
/home/fang/Square_Task/squares/train/b/489.png,1,3
/home/fang/Square_Task/squares/train/b/64.bmp,1,4
/home/fang/Square_Task/squares/train/a/210.bmp,0,0
/home/fang/Square_Task/squares/train/b/398.bmp,1,1
/home/fang/Square_Task/squares/train/a/455.bmp,0,3
/home/fang/Square_Task/squares/train/c/111.png,2,4
/home/fang/Square_Task/squares/train/b/217.bmp,1,0
/home/fang/Square_Task/squares/train/b/96.bmp,1,1
/home/fang/Square_Task/squares/train/c/163.jpg,2,3
/home/fang/Square_Task/squares/train/b/389.png,1,4
/home/fang/Square_Task/squares/train/b/172.bmp,1,0
/home/fang/Square_Task/squares/train/c/27.jpg,2,1
/home/fang/Square_Task/squares/train/a/92.bmp,0,3
/home/fang/Square_Task/squares/train/b/391.png,1,4
/home/fang/Square_Task/squares/train/b/361.png,1,0
/home/fang/Square_Task/squares/train/b/287.png,1,1
/home/fang/Square_Task/squares/train/a/10.jpg,0,3
/home/fang/Square_Task/squares/train/c/167.png,2,4
/home/fang/Square_Task/squares/train/a/473.jpg,0,0
/home/fang/Square_Task/squares/train/b/132.bmp,1,1
/home/fang/Square_Task/squares/train/a/115.jpg,0,3
/home/fang/Square_Task/squares/train/b/275.png,1,4
/home/fang/Square_Task/squares/train/b/261.png,1,0
/home/fang/Square_Task/squares/train/b/289.png,1,1
/home/fang/Square_Task/squares/train/a/332.bmp,0,3
/home/fang/Square_Task/squares/train/c/82.png,2,4
/home/fang/Square_Task/squares/train/a/55.png,0,0
/home/fang/Square_Task/squares/train/a/267.bmp,0,1
/home/fang/Square_Task/squares/train/c/196.bmp,2,3
/home/fang/Square_Task/squares/train/c/373.jpg,2,4
/home/fang/Square_Task/squares/train/a/101.bmp,0,0
/home/fang/Square_Task/squares/train/c/219.jpg,2,1
/home/fang/Square_Task/squares/train/c/402.png,2,3
/home/fang/Square_Task/squares/train/c/71.bmp,2,4
